<?xml version="1.0" encoding="UTF-8"?>
<project-private xmlns="http://www.netbeans.org/ns/project-private/1">
    <editor-bookmarks xmlns="http://www.netbeans.org/ns/editor-bookmarks/2" lastBookmarkId="0"/>
    <open-files xmlns="http://www.netbeans.org/ns/projectui-open-files/2">
        <group name="INFO6250">
            <file>file:/STUDY/NEU/INFO6250/workspace/hw4/web/WEB-INF/jsp/part5.jsp</file>
            <file>file:/STUDY/NEU/INFO6250/workspace/hw4/src/java/DAO/DAO.java</file>
            <file>file:/STUDY/NEU/INFO6250/workspace/hw4/src/java/ServletFiles/Part5CustomTag.java</file>
            <file>file:/STUDY/NEU/INFO6250/workspace/hw4/src/java/ServletFiles/Part5Controller.java</file>
            <file>file:/STUDY/NEU/INFO6250/workspace/hw4/web/WEB-INF/dispatcher-servlet.xml</file>
        </group>
    </open-files>
</project-private>
