<?xml version='1.0' encoding='utf-8'?>
<!DOCTYPE hibernate-configuration PUBLIC
    "-//Hibernate/Hibernate Configuration DTD//EN"
    "http://www.hibernate.org/dtd/hibernate-configuration-3.0.dtd">
<hibernate-configuration>
  <session-factory>
    <property name="hibernate.dialect">org.hibernate.dialect.MySQLDialect</property>
    <property name="hibernate.connection.driver_class">com.mysql.jdbc.Driver</property>
    <property name="hibernate.connection.url">jdbc:mysql://localhost:3306/finalproject6250</property>
    <property name="hibernate.connection.username">root</property>
    <property name="hibernate.connection.password">j-epyppsC5Qg</property>
    <!-- DB schema will be updated if needed -->
    <!-- <property name="hbm2ddl.auto">update</property> -->
    <property name="hibernate.hbm2ddl.auto">create</property>
    <property name="hibernate.show_sql">true</property>

    <mapping class="proj.AccountPkg.Account"/>
    <mapping class="proj.PersonPkg.Person"/>
    <mapping class="proj.AccountPkg.CombinedAccount"/>
    <mapping class="proj.ListingPkg.Listing"/>
    <mapping class="proj.ListingPkg.SalesListing"/>

  </session-factory>
</hibernate-configuration>