<?xml version="1.0" encoding="UTF-8"?>
<beans xmlns="http://www.springframework.org/schema/beans"
       xmlns:xsi="http://www.w3.org/2001/XMLSchema-instance"
       xmlns:p="http://www.springframework.org/schema/p"
       xmlns:aop="http://www.springframework.org/schema/aop"
       xmlns:tx="http://www.springframework.org/schema/tx"
       xsi:schemaLocation="http://www.springframework.org/schema/beans http://www.springframework.org/schema/beans/spring-beans-4.0.xsd
       http://www.springframework.org/schema/aop http://www.springframework.org/schema/aop/spring-aop-4.0.xsd
       http://www.springframework.org/schema/tx http://www.springframework.org/schema/tx/spring-tx-4.0.xsd">

    <bean class="org.springframework.web.servlet.mvc.support.ControllerClassNameHandlerMapping"/>
    <bean id="booksDAO" class="Dao.BooksDao"/>
    <bean id="insertCSVDAO" class="Dao.InsertCSVDAO"/>

    <bean id="urlMapping" class="org.springframework.web.servlet.handler.SimpleUrlHandlerMapping">
        <property name="mappings">
            <props>
                <prop key="index.htm">indexController</prop>
                <prop key="books.htm">booksController</prop>
                <prop key="part4.htm">part4Controller</prop>
                <prop key="part5.htm">part5Controller</prop>
            </props>
        </property>
    </bean>

    <bean id="viewResolver"
          class="org.springframework.web.servlet.view.InternalResourceViewResolver"
          p:prefix="/WEB-INF/jsp/"
          p:suffix=".jsp" />

    <!--
    The index controller.
    -->
    <bean name="indexController"
          class="org.springframework.web.servlet.mvc.ParameterizableViewController"
          p:viewName="index" />

    <bean name="booksController" class="ServletFiles.BooksController">
        <constructor-arg name="booksDAO" ref="booksDAO"/>
    </bean>

    <bean name="part4Controller" class="ServletFiles.Part4Controller">
        <constructor-arg name="insertCSVDAO" ref="insertCSVDAO"/>
    </bean>

    <bean name="part5Controller" class="ServletFiles.Part5Controller">
        <constructor-arg name="insertCSVDAO" ref="insertCSVDAO"/>
    </bean>
</beans>